{
	"class_name" : "PinholeCameraParameters",
	"extrinsic" : 
	[
		0.45833939768867188,
		-0.59573678224180915,
		0.65956249348379481,
		0.0,
		-0.88157507334104013,
		-0.21044723878255681,
		0.42253680283797446,
		0.0,
		-0.11291760974323388,
		-0.77511911728003002,
		-0.62164295816561932,
		0.0,
		-1.9572173954078931,
		2.2719953958033443,
		181.824522067793,
		1.0
	],
	"intrinsic" : 
	{
		"height" : 752,
		"intrinsic_matrix" : 
		[
			651.25110364589796,
			0.0,
			0.0,
			0.0,
			651.25110364589796,
			0.0,
			691.5,
			375.5,
			1.0
		],
		"width" : 1384
	},
	"version_major" : 1,
	"version_minor" : 0
}